view,frame,imu_sample,click_angle_deg,sam_angle_deg,sam_minus_click_deg,elongation,area_px,flag
front,117,5.9,-36.6,-38.83,-2.2,4.59,8414,ok
front,118,19.7,-38.8,-41.94,-3.2,4.85,8569,ok
front,119,33.6,-40.9,-45.0,-4.1,5.2,8332,ok
front,120,47.5,-44.5,-47.97,-3.5,5.25,7833,ok
front,121,61.3,-49.8,-50.38,-0.6,5.38,7154,ok
front,122,75.2,-51.6,-55.66,-4.1,5.55,7810,ok
front,123,89.1,-56.7,-62.27,-5.6,5.93,7150,ok
front,124,102.9,-62.0,-64.59,-2.6,6.46,6946,ok
front,125,116.8,-65.4,-67.78,-2.4,5.78,7730,ok
front,126,130.7,-70.4,-78.93,-8.5,6.61,4489,DISAGREE
front,127,144.5,-77.2,-80.78,-3.6,6.97,5881,ok
front,128,158.4,-84.5,-86.49,-2.0,7.66,5909,ok
front,129,172.3,-89.2,87.57,-3.2,7.87,5368,ok
front,130,186.1,82.7,79.46,-3.3,7.73,5552,ok
front,131,200,76.5,72.94,-3.5,6.2,6334,ok
front,132,213.9,73.8,70.69,-3.1,5.15,6788,ok
front,133,227.7,67.0,67.01,0.0,3.87,8142,ok
front,134,241.6,63.4,62.21,-1.2,3.14,9080,ok
front,135,255.5,59.1,56.65,-2.5,2.73,9617,ok
front,136,269.3,53.1,50.28,-2.9,2.55,9825,ok
front,137,283.2,48.5,42.81,-5.7,2.41,10340,ok
front,138,297.1,38.0,38.32,0.4,2.97,8585,ok
front,139,310.9,31.7,37.27,5.5,2.25,6510,ok
front,140,324.8,29.5,31.78,2.3,2.07,6131,ok
front,141,338.7,22.1,19.87,-2.2,2.19,3128,ok
front,142,352.5,10.1,8.77,-1.3,2.44,3993,ok
front,143,366.4,3.1,4.39,1.3,2.91,4892,ok
front,144,380.3,-0.9,0.61,1.5,2.58,6974,ok
front,145,394.1,-5.6,-8.66,-3.0,2.13,7616,ok
rear,158,5.9,-86.3,-84.33,2.0,2.34,4386,ok
rear,159,19.7,89.4,-88.11,2.5,2.21,4536,ok
rear,160,33.6,84.0,87.63,3.6,2.14,4733,ok
rear,161,47.5,82.9,83.34,0.4,2.12,4932,ok
rear,162,61.3,77.9,78.69,0.8,2.04,4986,ok
rear,163,75.2,73.7,73.79,0.0,1.94,5032,ok
rear,164,89.1,67.8,69.31,1.5,1.95,5153,ok
rear,165,102.9,66.0,64.63,-1.3,1.95,5183,ok
rear,166,116.8,62.7,59.88,-2.8,1.92,5134,ok
rear,167,130.7,58.1,54.54,-3.6,1.83,4891,ok
rear,168,144.5,53.7,50.42,-3.3,1.76,4769,ok
rear,169,158.4,50.6,46.28,-4.3,1.97,4563,ok
rear,170,172.3,50.0,43.75,-6.3,2.09,4671,ok
rear,171,186.1,42.4,35.71,-6.7,1.83,3834,ok
rear,172,200,38.6,26.56,-12.1,1.89,3061,DISAGREE
rear,173,213.9,34.4,19.6,-14.8,2.2,2385,DISAGREE
rear,174,227.7,33.0,9.66,-23.3,1.37,2631,untrusted (elongation < 1.6)
rear,175,241.6,27.8,16.67,-11.1,1.43,3687,untrusted (elongation < 1.6)
rear,176,255.5,25.0,8.12,-16.9,2.08,2807,DISAGREE
rear,177,269.3,19.3,8.26,-11.1,1.98,2724,DISAGREE
rear,178,283.2,15.7,18.73,3.0,1.68,3045,ok
rear,179,297.1,15.3,21.01,5.7,1.64,2802,ok
rear,180,310.9,6.9,5.1,-1.8,2.46,2051,ok
rear,181,324.8,6.6,2.04,-4.6,1.65,2852,ok
rear,182,338.7,0.0,0.74,0.7,1.6,1972,ok
rear,183,352.5,-12.0,-9.95,2.0,1.23,2092,untrusted (elongation < 1.6)
rear,184,366.4,-11.3,-20.18,-8.9,1.27,1953,untrusted (elongation < 1.6)
rear,185,380.3,-20.6,-26.77,-6.2,1.45,1554,untrusted (elongation < 1.6)
rear,186,394.1,-28.6,-36.02,-7.4,1.16,1703,untrusted (elongation < 1.6)
