view,frame,axis_angle_deg,length_px,throat_frac,edge_frac,issues,action
front,117,143.4,216.5,0.41,0.66,,
front,118,153.9,82.0,1.48,-1.0,throat at 1.48 of axis; throat off the butt-tip line; edge at -1.00 of axis,"relabelled (butt<-edge, throat<-butt, tip<-throat, edge<-tip)"
front,119,139.1,220.8,0.4,0.75,,
front,120,135.5,218.2,0.36,0.76,,
front,121,130.2,223.9,0.36,0.7,,
front,122,128.4,223.6,0.38,0.72,,
front,123,123.3,222.9,0.38,0.65,,
front,124,118.0,218.9,0.36,0.68,,
front,125,114.6,220.2,0.33,0.7,,
front,126,109.6,194.8,0.37,0.68,,
front,127,102.8,201.0,0.31,0.7,,
front,128,95.5,216.4,0.27,0.63,,
front,129,90.8,205.7,0.27,0.61,,
front,130,82.7,208.8,0.29,0.63,,
front,131,76.5,201.6,0.25,0.62,,
front,132,73.8,189.6,0.32,0.65,,
front,133,67.0,199.4,0.35,0.61,,
front,134,63.4,167.8,0.27,0.67,,
front,135,59.1,165.2,0.32,0.62,,
front,136,53.1,159.9,0.28,0.68,,
front,137,48.5,161.4,0.31,0.71,,
front,138,38.0,160.4,0.33,0.72,,
front,139,31.7,158.5,0.33,0.76,,
front,140,29.5,158.1,0.29,0.78,,
front,141,22.1,166.5,0.31,0.75,,
front,142,10.1,175.1,0.31,0.84,,
front,143,3.1,181.0,0.34,0.83,,
front,144,-0.9,183.4,0.38,0.82,,
front,145,-5.6,184.3,0.31,0.81,,
rear,158,93.7,129.6,0.39,0.61,,
rear,159,89.4,129.3,0.31,0.64,,
rear,160,84.0,132.7,0.33,0.63,,
rear,161,82.9,135.8,0.31,0.63,,
rear,162,77.9,139.3,0.3,0.59,,
rear,163,73.7,139.0,0.3,0.64,,
rear,164,67.8,139.7,0.33,0.65,,
rear,165,66.0,139.9,0.35,0.69,,
rear,166,62.7,139.2,0.34,0.62,,
rear,167,58.1,134.2,0.31,0.67,,
rear,168,53.7,136.2,0.35,0.76,,
rear,169,50.6,140.3,0.33,0.72,,
rear,170,50.0,134.2,0.34,0.74,,
rear,171,42.4,129.8,0.37,0.74,,
rear,172,38.6,124.6,0.34,0.8,,
rear,173,34.4,123.0,0.33,0.8,,
rear,174,33.0,117.6,0.34,0.77,,
rear,175,27.8,119.3,0.32,0.7,,
rear,176,25.0,115.1,0.32,0.7,,
rear,177,19.3,109.0,0.37,0.56,,
rear,178,15.7,102.5,0.37,0.78,,
rear,179,15.3,105.2,0.31,0.71,,
rear,180,6.9,103.7,0.29,0.74,,
rear,181,6.6,96.5,0.3,0.7,,
rear,182,0.0,97.3,0.3,0.76,,
rear,183,-12.0,86.7,0.31,0.7,,
rear,184,-11.3,85.1,0.29,0.75,,
rear,185,-20.6,83.1,0.32,0.55,,
rear,186,-28.6,72.8,0.32,0.66,throat off the butt-tip line,check by eye (no relabelling fits)
